date,kwh
2025-03-01,8.42
2025-03-02,7.91
2025-03-03,9.16
2025-03-04,10.04
2025-03-05,8.77
2025-03-06,7.82
2025-03-07,8.93
2025-03-08,9.31
2025-03-09,8.16
2025-03-10,10.26
2025-03-11,9.57
2025-03-12,8.44
2025-03-13,7.95
2025-03-14,9.12
2025-03-15,9.68
2025-03-16,8.73
2025-03-17,10.49
2025-03-18,9.26
2025-03-19,8.11
2025-03-20,8.82
2025-03-21,9.42
2025-03-22,10.01
2025-03-23,8.62
2025-03-24,9.75
2025-03-25,9.14
2025-03-26,8.27
2025-03-27,9.02
2025-03-28,10.19
2025-03-29,9.63
2025-03-30,8.58
